SET SQL_MODE = '';


CREATE SCHEMA IF NOT EXISTS `bank` DEFAULT CHARACTER SET utf8 COLLATE utf8_general_ci ;
USE `bank` ;

-- -----------------------------------------------------
-- Table `mydb`.`Department`
-- -----------------------------------------------------
CREATE TABLE IF NOT EXISTS `bank`.`department` (
  `idDepartment` INT NOT NULL,
  `DepartmentCity` VARCHAR(45) NULL,
  `CountOfWorkers` INT NULL,
  PRIMARY KEY (`idDepartment`))
ENGINE = InnoDB;


-- -----------------------------------------------------
-- Table `mydb`.`Client`
-- -----------------------------------------------------
CREATE TABLE IF NOT EXISTS `bank`.`client` (
  `idClient` INT NOT NULL,
  `FirstName` VARCHAR(45) NULL,
  `LastName` VARCHAR(45) NULL,
  `Education` VARCHAR(45) NULL,
  `Passport` VARCHAR(45) NULL,
  `City` VARCHAR(45) NULL,
  `Age` VARCHAR(45) NULL,
  `Department_idDepartment` INT NOT NULL,
  PRIMARY KEY (`idClient`),
  INDEX `fk_Client_Department_idx` (`Department_idDepartment` ASC),
  CONSTRAINT `fk_Client_Department`
    FOREIGN KEY (`Department_idDepartment`)
    REFERENCES `bank`.`department` (`idDepartment`)
    ON DELETE NO ACTION
    ON UPDATE NO ACTION)
ENGINE = InnoDB;


-- -----------------------------------------------------
-- Table `mydb`.`Application`
-- -----------------------------------------------------
CREATE TABLE IF NOT EXISTS `bank`.`application` (
  `idApplication` INT NOT NULL,
  `Sum` INT NULL,
  `CreditState` VARCHAR(45) NULL,
  `Currency` VARCHAR(45) NULL,
  `Client_idClient` INT NOT NULL,
  PRIMARY KEY (`idApplication`),
  INDEX `fk_Application_Client1_idx` (`Client_idClient` ASC),
  CONSTRAINT `fk_Application_Client1`
    FOREIGN KEY (`Client_idClient`)
    REFERENCES `bank`.`client` (`idClient`)
    ON DELETE NO ACTION
    ON UPDATE NO ACTION)
ENGINE = InnoDB;





INSERT INTO `bank`.`department` (`idDepartment`, `DepartmentCity`, `CountOfWorkers`) VALUES ('1', 'Kyiv', '12');
INSERT INTO `bank`.`department` (`idDepartment`, `DepartmentCity`, `CountOfWorkers`) VALUES ('2', 'Lviv', '15');
INSERT INTO `bank`.`department` (`idDepartment`, `DepartmentCity`, `CountOfWorkers`) VALUES ('3', 'Rivne', '8');
INSERT INTO `bank`.`department` (`idDepartment`, `DepartmentCity`, `CountOfWorkers`) VALUES ('4', 'Kyiv', '16');
INSERT INTO `bank`.`department` (`idDepartment`, `DepartmentCity`, `CountOfWorkers`) VALUES ('5', 'Lviv', '10');

INSERT INTO `bank`.`client` (`idClient`, `FirstName`, `LastName`, `Education`, `Passport`, `City`, `Age`, `Department_idDepartment`) VALUES ('1', 'Roman', 'Beregulak', 'high', 'KC249584', 'Lviv', '25', '2');
INSERT INTO `bank`.`client` (`idClient`, `FirstName`, `LastName`, `Education`, `Passport`, `City`, `Age`, `Department_idDepartment`) VALUES ('2', 'Mariya', 'Pehnyk', 'high', 'KC350156', 'Stryi', '29', '2');
INSERT INTO `bank`.`client` (`idClient`, `FirstName`, `LastName`, `Education`, `Passport`, `City`, `Age`, `Department_idDepartment`) VALUES ('3', 'Olena', 'Fedychkanych', 'middle', 'KC850145', 'Krasne', '19', '1');
INSERT INTO `bank`.`client` (`idClient`, `FirstName`, `LastName`, `Education`, `Passport`, `City`, `Age`, `Department_idDepartment`) VALUES ('4', 'Igor', 'Petriv', 'technic', 'KC853952', 'Kyiv', '21', '4');
INSERT INTO `bank`.`client` (`idClient`, `FirstName`, `LastName`, `Education`, `Passport`, `City`, `Age`, `Department_idDepartment`) VALUES ('5', 'Volodymyr', 'Gryniv', 'high', 'KC849153', 'Skvyra', '35', '4');
INSERT INTO `bank`.`client` (`idClient`, `FirstName`, `LastName`, `Education`, `Passport`, `City`, `Age`, `Department_idDepartment`) VALUES ('6', 'Oleg', 'Fedyshyn', 'high', 'KC012412', 'Lviv', '42', '5');
INSERT INTO `bank`.`client` (`idClient`, `FirstName`, `LastName`, `Education`, `Passport`, `City`, `Age`, `Department_idDepartment`) VALUES ('7', 'Taras', 'Sobko', 'middle', 'KC249504', 'Rivne', '20', '3');
INSERT INTO `bank`.`client` (`idClient`, `FirstName`, `LastName`, `Education`, `Passport`, `City`, `Age`, `Department_idDepartment`) VALUES ('8', 'Viktor', 'Spas', 'technic', 'KC823412', 'Kyiv', '22', '2');
INSERT INTO `bank`.`client` (`idClient`, `FirstName`, `LastName`, `Education`, `Passport`, `City`, `Age`, `Department_idDepartment`) VALUES ('9', 'Julia', 'Mokina', 'technic', 'KC908295', 'Kyiv', '21', '1');
INSERT INTO `bank`.`client` (`idClient`, `FirstName`, `LastName`, `Education`, `Passport`, `City`, `Age`, `Department_idDepartment`) VALUES ('10', 'Oksana', 'Indusiva', 'high', 'KC723532', 'Sambir', '32', '1');

INSERT INTO `bank`.`application` (`idApplication`, `Sum`, `CreditState`, `Currency`, `Client_idClient`) VALUES ('1', '4000', 'Returned', 'Dollar', '1');
INSERT INTO `bank`.`application` (`idApplication`, `Sum`, `CreditState`, `Currency`, `Client_idClient`) VALUES ('2', '5000', 'Not returned', 'Dollar', '4');
INSERT INTO `bank`.`application` (`idApplication`, `Sum`, `CreditState`, `Currency`, `Client_idClient`) VALUES ('3', '7500', 'Returned', 'Euro', '6');
INSERT INTO `bank`.`application` (`idApplication`, `Sum`, `CreditState`, `Currency`, `Client_idClient`) VALUES ('4', '3200', 'Not returned', 'Gryvnia', '2');
INSERT INTO `bank`.`application` (`idApplication`, `Sum`, `CreditState`, `Currency`, `Client_idClient`) VALUES ('5', '3700', 'Returned', 'Gryvnia', '3');
INSERT INTO `bank`.`application` (`idApplication`, `Sum`, `CreditState`, `Currency`, `Client_idClient`) VALUES ('6', '4100', 'Returned', 'Dollar', '1');
INSERT INTO `bank`.`application` (`idApplication`, `Sum`, `CreditState`, `Currency`, `Client_idClient`) VALUES ('7', '15100', 'Not returned', 'Gryvnia', '9');
INSERT INTO `bank`.`application` (`idApplication`, `Sum`, `CreditState`, `Currency`, `Client_idClient`) VALUES ('8', '25600', 'Not returned', 'Dollar', '10');
INSERT INTO `bank`.`application` (`idApplication`, `Sum`, `CreditState`, `Currency`, `Client_idClient`) VALUES ('9', '12300', 'Not returned', 'Gryvnia', '8');
INSERT INTO `bank`.`application` (`idApplication`, `Sum`, `CreditState`, `Currency`, `Client_idClient`) VALUES ('10', '9700', 'Returned', 'Dollar', '5');
INSERT INTO `bank`.`application` (`idApplication`, `Sum`, `CreditState`, `Currency`, `Client_idClient`) VALUES ('11', '9000', 'Not returned', 'Gryvnia', '7');
INSERT INTO `bank`.`application` (`idApplication`, `Sum`, `CreditState`, `Currency`, `Client_idClient`) VALUES ('12', '8100', 'Not returned', 'Dollar', '3');
INSERT INTO `bank`.`application` (`idApplication`, `Sum`, `CreditState`, `Currency`, `Client_idClient`) VALUES ('13', '4400', 'Not returned', 'Euro', '8');
INSERT INTO `bank`.`application` (`idApplication`, `Sum`, `CreditState`, `Currency`, `Client_idClient`) VALUES ('14', '2700', 'Returned', 'Dollar', '10');
INSERT INTO `bank`.`application` (`idApplication`, `Sum`, `CreditState`, `Currency`, `Client_idClient`) VALUES ('15', '6600', 'Not returned', 'Euro', '3');


# 1. +Вибрати усіх клієнтів, чиє ім'я має менше ніж 6 символів.
SELECT * from client where  LENGTH(FirstName) < 6;

# 2. +Вибрати львівські відділення банку.+
SELECT * from department where DepartmentCity='Lviv';

# 3. +Вибрати клієнтів з вищою освітою та посортувати по прізвищу.
SELECT * from client where Education='high' order by FirstName;

# 4. +Виконати сортування у зворотньому порядку над таблицею Заявка і вивести 5 останніх елементів.
SELECT * FROM application order by idApplication desc limit 5;

# 5. +Вивести усіх клієнтів, чиє прізвище закінчується на OV чи OVA.
SELECT * FROM client where LastName like '%OV' or '%OVA';

# 6. +Вивести клієнтів банку, які обслуговуються київськими відділеннями.
SELECT * FROM client
inner join application on client.idClient = application.Client_idClient
where City='Kyiv';

# 7. +Вивести імена клієнтів та їхні номера телефону, погрупувавши їх за іменами.
SELECT FirstName, Passport FROM client GROUP BY FirstName;

# 8. +Вивести дані про клієнтів, які мають кредит більше ніж на 5000 тисяч гривень.
SELECT * from client
inner join application on client.idClient = application.Client_idClient
where Sum > 5000 and Currency='Gryvnia' and CreditState='Not returned';

# 9. +Порахувати кількість клієнтів усіх відділень та лише львівських відділень.
SELECT COUNT(idClient) FROM client;

SELECT COUNT(idClient) FROM client where Department_idDepartment=2;

# 10. Знайти кредити, які мають найбільшу суму для кожного клієнта окремо.
SELECT max(Sum), Client_idClient
FROM bank.application
group by Client_idClient ;

#11. Визначити кількість заявок на кредит для кожного клієнта.

select COUNT(CreditState) countOfCreditState, idClient, FirstName, LastName
from client
         join application a on client.idClient = a.Client_idClient
group by idClient, FirstName, LastName;
